"RegionName","City","State","Metro","CountyName","SizeRank","2011-01","2011-02","2011-03","2011-04","2011-05","2011-06","2011-07","2011-08","2011-09","2011-10","2011-11","2011-12","2012-01","2012-02","2012-03","2012-04","2012-05","2012-06","2012-07","2012-08","2012-09","2012-10","2012-11","2012-12","2013-01","2013-02","2013-03","2013-04","2013-05","2013-06","2013-07","2013-08","2013-09","2013-10","2013-11","2013-12","2014-01","2014-02","2014-03","2014-04","2014-05","2014-06","2014-07","2014-08","2014-09","2014-10","2014-11","2014-12","2015-01","2015-02","2015-03","2015-04","2015-05","2015-06","2015-07","2015-08","2015-09","2015-10","2015-11","2015-12","2016-01","2016-02","2016-03","2016-04","2016-05","2016-06","2016-07","2016-08","2016-09","2016-10","2016-11","2016-12","2017-01","2017-02","2017-03","2017-04","2017-05","2017-06","2017-07","2017-08","2017-09","2017-10","2017-11","2017-12","2018-01","2018-02","2018-03"
"10025","New York","NY","New York","New York",1,,,,,,,,,,,,,,5000,4795,4962.5,5195,5500,5400,5200,5337.5,5087.5,5000,5000,5000,4885,4850,5000,5200,5400,5487.5,5300,5650,5600,5175,5000,5175,5650,5700,5575,5400,5350,5000,5400,5000,5295,5397.5,5175,5500,5150,5075,5000,5000,5000,5095.5,5350,5000,4800,4800,4800,4895,4900,5075,5000,5000,5075,4947.5,4895,4800,4947.5,5000,4800,5000,5000,5000,5000,5000,5000,4950,5000,4947.5,5000,4950,4800,4945,5000,5200
"60657","Chicago","IL","Chicago","Cook",2,,,,,,,,,,,,,,3300,3125,3062.5,3025,2950,2975,3100,3050,2995,2972.5,2995,3000,3000,2925,3150,3200,3200,3600,3597.5,3400,3400,3499.5,3400,3400,3400,3200,3200,3200,3445,3395,3200,2997.5,2900,2995,3000,3095,3195,3095,3495,3600,3600,3300,3200,3000,3095,3147.5,3195,3195,3197.5,3200,3450,3500,3600,3300,3200,3275,3395,3400,3400,3300,3225,3300,3532.5,3600,3800,3600,3400,3395,3150,3045,3147.5,3200,3395,3600
"75070","McKinney","TX","Dallas-Fort Worth","Collin",3,,,1597.5,1662.5,1650,1600,1650,1650,1750,1722.5,1650,1650,1650,1700,1650,1797.5,1700,1700,1750,1795,1700,1750,1750,1775,1850,1795,1750,1750,1797.5,1750,1795,1795,1795,1750,1750,1750,1725,1750,1750,1795,1825,1800,1800,1850,1800,1800,1800,1800,1825,1800,1850,1845,1895,1900,1895,1850,1895,1885,1875,1895,1850,1812.5,1850,1900,1995,1995,2000,1973,1997.5,1972.5,1950,1950,1900,1900,1995,1995,1995,1966,1900,1995,1990,1900,1900,1900,1900,1975,1995
"77494","Cinco Ranch","TX","Houston","Fort Bend",4,,,,,,,,,,,2100,2025,2000,2115,2275,2375,2250,2300,2497.5,2300,2225,2100,2200,2347.5,2300,2372.5,2350,2300,2200,2200,2200,2300,2300,2290,2250,2200,2250,2300,2300,2300,2397.5,2400,2300,2400,2397.5,2350,2300,2300,2350,2350,2375,2400,2400,2400,2400,2350,2300,2350,2275,2298,2200,2250,2295,2400,2300,2300,2200,2150,2300,2195,1999.5,2175,2095,2162.5,2100,2200,2200,2200,2200,2250,2300,2400,2400,2400,2300,2300,2299.5
"60614","Chicago","IL","Chicago","Cook",5,,,,,,,,,,,,,,,,,,,,,,,,,,,,,,,,,,,,,,,,,,,,,,,,,,,,,,,,,,,,,,,,,,,,,,,,,3400,3750,3675,3825,4000,4150,3850,3700,3650,3650,3500,3300,3300,3300,3300
"77084","Houston","TX","Houston","Harris",6,,,,,,,,,,,,,,,,,,,,,,,,,,,,,,,1650,1700,1700,1575,1500,1500,1500,1495,1500,1500,1675,1650,1625,1550,1600,1600,1675,1650,1650,1675,1651.5,1625,1600,1650,1750,1672.5,1600,1650,1630,1650,1600,1597.5,1625,1687.5,1595,1600,1625,1650,1612.5,1582.5,1570,1550,1599.5,1600,1550,1649.5,1650,1599,1650,1695,1662.5,1672.5,1600,1600,1600,1599,1600
"77449","Houston","TX","Houston","Harris",7,,,,,,,1300,1300,1350,1350,1325,1312.5,1350,1350,1350,1337.5,1350,1300,1350,1350,1350,1395,1400,1397.5,1475,1450,1450,1495,1475,1485,1500,1512.5,1500,1500,1500,1495,1450,1450,1450,1472,1500,1500,1585,1550,1525,1525,1550,1525,1525,1525,1547.5,1550,1550,1532.5,1525,1550,1600,1595,1550,1517,1525,1525,1537.5,1550,1595,1595,1600,1550,1525,1500,1475,1450,1450,1460,1485,1500,1535,1545,1550,1500,1550,1560,1550,1550,1520,1550,1565
"10016","New York","NY","New York","New York",8,,,,,,,,,,,,,,,,,,,,,,,,,,,,,,,,,,,,,,,,,,,,,,,,,,,,,,,,,,,,,,,,,,,,,,,,,,6066,6800,6200,6700,6800,6948,6900,6995,7030,6800,6700,6700,6600,6500
"28269","Charlotte","NC","Charlotte","Mecklenburg",9,,,,,,,,,,,,,,,,,,,,,,,,,,,,,,,,,,,,,,,,,,,,,,,,,,,,,,,,,,,,,,,,,,,,,,,,,1450,1575,1627,1649,1637,1595,1650,1649.5,1650,1650,1650,1625,1640,1645,1680
"79912","El Paso","TX","El Paso","El Paso",10,,,,,,,,,,,,,,,,,,,,,,,,,,,,,,,,,,,,,,,,,,,,,,,,,,,,,,,,,,,,,,,,,,,,,,,,,,,,1550,1600,1625,1625,1587.5,1625,1695,1600,1650,1612.5,1650,1685
"30349","Riverdale","GA","Atlanta","Clayton",11,,,,,,1200,1257.5,1250,1200,1187.5,1247.5,1200,1200,1200,1200,1200,1200,1175,1200,1200,1150,1100,1112.5,1125,1150,1197.5,1200,1200,1195,1200,1200,1200,1200,1200,1200,1200,1175,1190,1200,1200,1225,1200,1150,1152.5,1195,1185,1195,1247,1200,1200,1200,1225,1250,1250,1235,1250,1250,1250,1225,1222.5,1250,1250,1285,1297.5,1250,1300,1237.5,1297.5,1285,1295,1299.5,1325,1299,1400,1450,1425,1495,1497.5,1495,1375,1342,1352,1350,1395,1447.5,1472.5,1450
"10003","New York","NY","New York","New York",12,,,,,,,,,,,,,,,,,,,,,,,,,,,,,,,,,,,,,,,,,,,,,,,,,,,,,,,,,,,,,,,,,,,,,,,,,,,6797.5,6600,6495,6495,6450,6395,6195,6083,6497.5,6495,6900,6495,6716
"77429","Cypress","TX","Houston","Harris",13,,,,,,,,,,,,,,,,,,,,,,,,,,,,,,,,,,,,,,,1672.5,1750,1797.5,1800,1810,1950,1995,1985,1899.5,1847.5,1822,1825,1799,1799,1899,1850,1897.5,1912,1987.5,1800,1925,1900,1897,1850,1800,1800,1800,1862.5,1950,1750,1900,1824.5,1857.5,1850,1797.5,1837.5,1850,1812.5,1800,1845,1830,1850,1800,1797.5,1800,1900,1925,1812.5,1850
"11206","New York","NY","New York","Kings",14,,,,,,,,,,,,,,,,,,,,,,,,,,,,,,3800,3929,3833,3750,3650,3750,3549.5,3600,3600,3595,3500,3399,3400,3450,3914.5,3800,3600,3950,4000,3800,3800,3800,3850,3799,3850,3800,3799,3895,3800,3800,3800,3800,3800,3909.5,3990,4100,4100,3820,4099.5,3600,3895,3999,4125,4100,3799,4200,4092.5,3947.5,3850,3800,3875,3850,3850,3795,3675,3700,3799,3799
"60613","Chicago","IL","Chicago","Cook",15,,,,,,,,,,,,,,,,,,,,,,,,,,,,,,,,,,,,,,,,,,,,,,,,,,,,,,,,,,,,,,,,,,,,,,,,,,2650,2995,3122.5,3247.5,3195,2995,2922.5,2895,2800,2800,2800,2745,2995,3100
"77479","Sugar Land","TX","Houston","Fort Bend",16,,,,,,,,,,,,,,,,,,,,,,2190,2275,2300,2175,2400,2300,2300,2450,2400,2425,2290,2425,2200,2450,2500,2500,2425,2400,2375,2490,2450,2300,2250,2197.5,2200,2075,2375,2400,2350,2400,2600,2500,2500,2450,2500,2500,2500,2500,2488,2400,2400,2488,2497.5,2500,2425,2350,2450,2500,2475,2300,2250,2200,2200,2272.5,2312.5,2325,2400,2350,2300,2300,2225,2325,2400,2399.5,2400,2400
"30044","Lawrenceville","GA","Atlanta","Gwinnett",17,,,,,,,,,,,,,,,,,,,,,,,,,,,,,,,,,,,,,,,,,,,,,,,,,,,,,,,,,,,,,,,,,,,,,,,,,1562.5,1545,1600,1577,1600,1600,1599,1520,1595,1660,1650,1572.5,1586,1550,1550
"77433","Cypress","TX","Houston","Harris",18,,,,,,,,,,,,,,,,,,,,,,,,,,,,,,,,,,,,,,,,,,,,,,,,,,,,,,,,,,,,,,,,,,,,,2025,1850,2000,1995,1875,1850,1875,1900,1900,1850,1900,1862.5,1900,1950,1950,2000,2000,1987.5,2000
"30043","Lawrenceville","GA","Atlanta","Gwinnett",19,,,,,,,,,,,,,,,,,,,,,,,,,,,,,,,,,,,,,,,,,,,,,,,,,,,,,,,,,,,,,,,,,,,,,,,,1499.5,1569,1550,1559,1595,1620,1600,1602.5,1595,1595,1587.5,1600,1595,1595,1597.5,1675
"75034","Frisco","TX","Dallas-Fort Worth","Collin",20,,,,,,,,,,,,,,,,,,,,,,,,,,,,,,,,,,,,,,,,,,,,,,,,,,,,,,,,,,,,,,,,,,,,,,,,,2400,2450,2425,2450,2587,2487,2495,2395,2650,2450,2590,2750,2950,2925,2900
"28277","Charlotte","NC","Charlotte","Mecklenburg",21,,,,,,,,,,,,,,,,,,,,,,,,,,,,,,,,,,,,,,,,,,,,,,,,,,,,,,,,,,,,,,,,,,,,,,,,,,2125,2125,2097.5,2112.5,2187,2195,2165,2125,2100,2075,2022.5,2100,2095,2047.5
"77077","Houston","TX","Houston","Harris",22,,,,,,,,,,,,,,,,,,,,,,,,,,,,,,,,,,,,,,,,,,,,,,,,,,,,,,,,,,,,,,,,,,,,,,,,,2500,2395,2750,2600,2775,2500,2500,2500,2490,2395,2650,2600,2650,2700,2800
"77379","Tomball","TX","Houston","Harris",23,,,,,,,,,,,,,,,,,,,,,,,,,,,,,1750,1897.5,1850,1897.5,1810,1895,1750,1750,1787.5,1800,1787.5,1800,1770,1750,1750,1837.5,1895,1995,1879,1829.5,1859,1859,1895,1925,1925,1959,1954,1954.5,1950,1997,1862.5,1895,1775,1795,1950,1895,1895,1897.5,1800,1995,1727.5,1750,1690,1699,1800,1797.5,1795,1899.5,1875,1800,1850,1897.5,1890,1800,1850,1797.5,1812.5,1800,1800
"11221","New York","NY","New York","Kings",24,,,,,,,,,,,,,,,,,,,,,,,,,,,,,,,,,,3000,3000,3100,3195,3100,3100,3100,3150,3100,3149,3200,3185,3199.5,3100,3000,3116,3200,3200,3200,3200,3272.5,3350,3399,3400,3425,3348,3300,3265,3200,3278,3250,3400,3400,3400,3400,3400,3400,3492.5,3250,3312.5,3400,3249.5,3300,3400,3399,3399,3450,3395,3300,3390,3199,3444.5,3399,3399.5
"78245","San Antonio","TX","San Antonio","Bexar",25,,,,,,,,,,,,,,,,,,,,,,,,,,,,,,,,,,,,,,,,,,,,,,,,,,,,,,,,,,,,,,,,,,,,,,,,,1380,1495,1495,1495,1495,1525,1575,1575,1575,1550,1500,1495,1485,1495,1525
"60619","Chicago","IL","Chicago","Cook",26,,,,,,,,,,,,,,,,,,,,,,,,,,,,,,,,,,,,,,,,,,,,,,,,,,,,,,,,,,,,,,,,,,,,,,,,,1250,1300,1400,1400,1350,1250,1250,1250,1250,1250,1275,1250,1250,1250,1250
"30024","Suwanee","GA","Atlanta","Gwinnett",27,,,,,,,,,,,1600,1595,1600,1600,1500,1572.5,1600,1625,1650,1600,1600,1600,1600,1597.5,1550,1650,1600,1650,1650,1650,1650,1600,1625,1650,1697.5,1750,1747.5,1700,1725,1700,1695,1700,1687.5,1799,1800,1799.5,1762.5,1700,1700,1774.5,1800,1795,1795,1800,1800,1735.5,1700,1799.5,1797,1882.5,1850,1799,1760,1800,1800,1799.5,1787,1800,1799,1750,1900,1800,1800,1850,1825,1884,1900,1900,1925,1900,1900,1850,1950,1982.5,1899,1870,1850
"33411","Royal Palm Beach","FL","Miami-Fort Lauderdale","Palm Beach",28,,,,,,,,,,,,,,,,,,,,,,,,,,,,,,,,,,,,,,,,,,,,,,,,,,,,,,,,,,,,,,,,,,,,,,,,,,2300,2299,2300,2412.5,2350,2300,2300,2250,2258,2352.5,2412.5,2500,2490,2350
"60617","Chicago","IL","Chicago","Cook",29,,,,,,,,,,,,,,,,,,,,,,,,,,,,,,,,,,,,,,,,,,,,,,,,,,,,,,,,,,,,,,,,,,,,,,,,,1250,1250,1250,1200,1175,1225,1250,1225,1262.5,1300,1300,1300,1300,1300,1250
"28027","Concord","NC","Charlotte","Cabarrus",30,,,,,,,,,,,,,,,,,,,,,,,,,,,,,,,,,,,,,,,,,,,,,,,,,,,,,,,,,,,,,,,,,,,,,,,,,,1550,1500,1500,1530,1549.5,1625,1650,1585,1595,1550,1595,1670,1702.5,1725
"97229","Cedar Mill","OR","Portland","Washington",31,,,,,,,,,,,,,,,,,,,,,,,,,,,,,,,,,,,,,,,,,,,,,,,,,,,,,,,,,,,,,,,,,,,,,,,,,2450,2400,2350,2495,2600,2695,2595,2495,2350,2350,2397.5,2397.5,2372.5,2350,2300
"91709","Chino Hills","CA","Riverside","San Bernardino",32,,,,,,,,,,,,,,,,,,,,,,,,,,,,,,,,,,,,,,,,,,,,,,,,,,,,,,,,,,,,,,,,,,,,,,2600,2700,2600,2695,2700,2650,2600,2795,2800,2800,2800,2825,2795,2750,2700,2695,2700,2775
"11385","New York","NY","New York","Queens",33,,,,,,,,,,,,,,,,,,,,,,,,,,,,,,,,,,,,,,,,,,,,,,,,,,,,,,,,,,,,3299.5,3400,3500,3500,3500,3585,3495,3400,3400,3500,3599.5,3450,3499,3100,3350,3300,3249.5,3400,3400,3400,3500,3500,3399,3399,3500,3450,3302,3300
"98012","Bothell","WA","Seattle","Snohomish",34,,,,,,,,,,,,,,,,,,,,,,,,,,,,,,,,,,,,,,,,,,,,,,,,,,,,,,,,,,,,,,,,,,,,,,,,,2500,2500,2550,2600,2650,2650,2600,2550,2500,2499,2500,2495,2500,2650,2725
"77459","Missouri City","TX","Houston","Fort Bend",35,,,,,,,,,,,,,,,,,,,,,,,,,,,,,,,,,,,,,,,,,,,,,,,,,,,,,,,,,,,,,,,,,,,,,,,,,2195,2200,2095,2050,2050,1997.5,2050,1995,1995,1975,1962.5,1950,1950,1950,1950
"92677","Laguna Niguel","CA","Los Angeles-Long Beach-Anaheim","Orange",36,,,,,,,,,,,,,,,,,,,,,,,,,,,,,,,,,,,,,,,,,,,,,,,,,,,,,,,,,,,,,,,,,,,,,,,,,4000,4150,4150,4300,4300,4400,4300,4400,4200,3974.5,3950,4000,4345,4447.5,4100
"02148","Malden","MA","Boston","Middlesex",37,,,,,,,,,,,,,,,,,,,,,,,,,,,,,,,,,,,,,,,,,,,,,,,,,,,,,,,,,,,,,,,,,,,,,,,,,,,2700,2750,2700,2800,2800,2600,2400,2200,2200,2200,2500,2600,2600
"60620","Chicago","IL","Chicago","Cook",38,,,,,,,,,,,,,,,,,,,,,,,,,,,,,,,,,,,,,,,,,,,,,,,,,,,,,,,,,,,,,,,,,,,,,,,,,,,1250,1250,1250,1275,1300,1250,1250,1300,1300,1300,1250,1300,1350
"33647","Tampa","FL","Tampa","Hillsborough",39,,1850,1750,1885,2000,1975,1875,1800,1800,1772.5,1700,1750,1750,1850,1895,1897.5,1872.5,1900,1897.5,1895,1900,1800,1800,1800,1775,1800,1850,1897.5,1950,2000,2100,2000,1995,1990,2000,2000,1895,1850,1850,1850,1900,1910,1900,1895,1895,1850,1850,1905,1897.5,1895,1900,1925,1950,2000,1985,1950,1950,1910,1900,1850,1905,1925,1920,1950,1995,1997.5,1995,1985,2015,1910,1950,1975,1995,2000,1859,2000,2050,2085,2007.5,2000,2000,1997,1995,2000,2000,2000,2000
"76244","Fort Worth","TX","Dallas-Fort Worth","Tarrant",40,,,,,,,1495,1650,1662.5,1595,1694.5,1600,1600,1650,1650,1650,1600,1500,1600,1612.5,1595,1650,1600,1562.5,1550,1650,1612.5,1625,1637.5,1650,1628,1620,1650,1710,1695,1695,1695,1695,1675,1675,1700,1750,1700,1695,1675,1675,1725,1695,1600,1650,1725,1700,1785,1742.5,1712.5,1742.5,1795,1745,1795,1859,1795,1750,1750,1795,1745,1795,1800,1750,1725,1800,1750,2045,1850,1850,1850,1850,1892.5,1885,1895,1897.5,1850,1800,1800,1795,1795,1795,1850
"79938","El Paso","TX","El Paso","El Paso",41,,,,,,,,,,,,,,,,1370,1390,1350,1350,1295,1295,1350,1332.5,1300,1290,1230,1275,1275,1250,1250,1250,1250,1250,1250,1295,1295,1250,1200,1200,1200,1250,1250,1295,1250,1245,1250,1247.5,1250,1225,1200,1250,1250,1250,1250,1250,1250,1250,1250,1200,1200,1200,1250,1250,1250,1225,1200,1250,1175,1200,1275,1250,1295,1200,1250,1250,1250,1250,1250,1295,1250,1250,1200,1200,1200,1200,1250,1200
"92336","Fontana","CA","Riverside","San Bernardino",42,,,,,,,,,,,,,,,,,,,,,,,,,,,,,,,,,,,,,,,,,,,,,,,,,,,,,,,,,,,,,,,,,,,,,,,,,2300,2275,2295,2400,2400,2375,2450,2450,2497.5,2395,2350,2400,2400,2400,2450
"77095","Houston","TX","Houston","Harris",43,,,,,,,,,,,,,,,,,,,,,,,,,,,,,,,,,,,,1739.5,1729,1700,1700,1700,1749.5,1750,1750,1825,1809,1799.5,1800,1800,1800,1800,1750,1800,1787.5,1795,1795,1799.5,1837.5,1800,1795,1797,1800,1800,1825,1825,1775,1785,1795,1750,1837,1790,1775,1625,1700,1737.5,1771.5,1775,1837.5,1800,1785,1760,1770,1800,1800,1795,1750,1800,1850
"77845","College Station","TX","College Station","Brazos",44,,,,,,,,,,,,,,1545,1600,1600,1600,1595,1550,1495,1400,1400,1495,1497.5,1495,1650,1600,1597.5,1600,1595,1595,1500,1500,1525,1600,1592.5,1590,1600,1650,1625,1600,1625,1600,1650,1600,1795,1650,1672.5,1697.5,1700,1695,1700,1750,1800,1850,1800,1685,1650,1740,1900,2000,1900,1885,1747.5,1800,2000,1800,1600,1695,1835,1975,1800,1800,1900,1800,1800,1750,1700,1700,1600,1695,1800,1800,1800,1850,1900,1825
"89117","Las Vegas","NV","Las Vegas","Clark",45,,,,,,,,,,,,,,,,,,,,,,,,,,,,,,,,,,,,,,,,,,,,,,,,,,,,,1750,1750,1700,1725,1650,1500,1500,1600,1600,1600,1612.5,1665,1699,1662.5,1599.5,1825,1597.5,1650,1600,1650,1650,1700,1700,1700,1795,1845,1900,1950,1775,1895,1900,1800,1895,1995,1925
"92592","Temecula","CA","Riverside","Riverside",46,,,2100,2100,2099.5,2000,1997.5,1975,1950,2072.5,1899.5,1972.5,2100,1950,1967.5,1925,1995,1995,1995,2025,1995,2100,2050,2050,1999.5,1950,1950,1999.5,2050,2050,2000,2100,2000,2000,2000,2095,2095,2095,2000,2025,2099.5,2095,2100,2100,2097,2099.5,1995,2095,2095,2050,2050,2100,2100,2095,2050,2100,2150,2100,2097.5,2150,2154.5,2196,2195,2150,2200,2199,2195,2100,2195,2197,2125,2150,2300,2325,2400,2300,2375,2395,2350,2350,2400,2422.5,2400,2412.5,2485,2495,2450
"32244","Jacksonville","FL","Jacksonville","Duval",47,,,,,,,,,,,,,,,,,,,,,,,,,,,,,,,,,,,,,,,,,,,,,,,,,,,,,,,,,,,,,,,,,,,,,,,,,1275,1275.5,1299,1349.5,1300,1375,1395,1375,1295,1344,1315,1363,1399,1399,1450
"60628","Chicago","IL","Chicago","Cook",48,,,,,,,,,,,,,,,,,,,,,,,,,,,,,,,,,,,,,,,,,,,,,,,,,,,,,,,,,,,,,,,,,,,,,,,,,,,,1475,1500,1450,1450,1454.5,1450,1400,1400,1400,1450,1450,1500
"34787","Winter Garden","FL","Orlando","Orange",49,,,,,,,,,,,,,,,,,,,,,,,,,,,,,,,,,,,,,,,,,,,,,,,,,,,,,,,,,,,,,,,,,,,,,,,,,2150,2125,2125,2175,2200,2000,1995,1995,2075,2100,2195,2200,2200,2195,2250
"77450","Cinco Ranch","TX","Houston","Fort Bend",50,,,,,,,,,,,,,,,,2325,2350,2300,2400,2050,2100,1850,1885,2050,2300,2100,1947.5,2200,2200,2200,2300,2275,2300,2200,2400,2350,2025,2099.5,2000,2000,2200,2300,2250,2272.5,2200,2100,2100,1950,1995,1995,2100,2225,2250,2300,2300,2200,2200,2150,2187.5,2100,2095,2050,2200,2200,2425,2300,2100,1972.5,1995,1897.5,1900,1900,1900,1925,1950,1950,2000,2000,2074.5,2099.5,2100,2150,2125,2060,1990,1997.5,2100
"28078","Huntersville","NC","Charlotte","Mecklenburg",51,,,,,,,,,,,,,,,,,,,,,,,,,,,,,,,,,,,,,,,,,,,,,,,,,,,,,,,,,,,,,,,,,,,,,,,,,1937.5,1850,1825,1899,1875,1895,1855,1875,1895,1850,1797.5,1795,1795,1775,1809.5
"30062","Marietta","GA","Atlanta","Cobb",52,,,,,,,,,,,,,,,,,,,,,,,,,,,,,,,,,,,,,,,,,,,,,,,,,,,,,,,,,,,,,,,,,,,,,,,,,,,2100,2150,2095,2100,2000,1990,2000,2040,2060,2000,2000,2150,1925
"33186","The Crossings","FL","Miami-Fort Lauderdale","Miami-Dade",52,,2072.5,2095,2100,2200,2200,2200,2150,2150,2150,2125,2200,2197.5,2050,2095,2047.5,2100,2100,2100,2100,2250,2200,2200,2300,2300,2200,2250,2100,2200,2350,2400,2300,2300,2300,2300,2200,2270,2250,2300,2300,2300,2300,2300,2250,2300,2350,2325,2300,2300,2300,2300,2300,2250,2250,2397.5,2225,2350,2372.5,2332.5,2400,2400,2400,2400,2400,2450,2550,2400,2425,2425,2500,2500,2500,2400,2450,2350,2400,2400,2500,2500,2500,2500,2475,2450,2500,2500,2500,2500
"30052","Loganville","GA","Atlanta","Gwinnett",54,,,,,,,,,,,,,,,,,,,,,,,,,,,,,,,,,,,,,,,,,,,,,,,,,,,,,,,,,,,,,,,,,,,,,,,,,1450,1450,1479,1495,1519,1528,1599.5,1500,1507.5,1495,1495,1495,1490,1537,1550
"30331","Atlanta","GA","Atlanta","Fulton",55,,,,,,,,,,,,,,,,,,,,,,,,,,,,,,,,,,,,,,,,,,,,,,,,,,,,,,,,,,,,,,,,,,,,,,,,,1450,1475,1457.5,1460,1486,1550,1550,1600,1518,1590,1595,1645,1645,1500,1564.5
"60649","Chicago","IL","Chicago","Cook",56,,,,,,,,,,,,,,,,,,,,,,,,,,,,,,,,,,,,,,,,,,,,,,,,,,,,,,,,,,,,,,,,,,,,,,,,,,,1300,1250,1250,1250,1250,1350,1300,1250,1250,1250,1275,1400,1400
"32218","Jacksonville","FL","Jacksonville","Duval",57,,,,,,,,,,,,,,,,,,,,,,,,,,,,,,,,,,,,,,,,,,,,,,,,,,,,,,,,,,,,,,,,,,,,,,,,,1400,1395,1432,1497.5,1495,1495,1450,1492,1500,1550,1495,1495,1495,1486,1550
"02155","Medford","MA","Boston","Middlesex",58,,,,,,,,,,,,,,,,,,,,,,,,2750,2700,2800,2800,2800,2800,2600,2600,2600,2500,2500,2500,2400,2500,2300,2600,2700,2800,2800,2800,2700,2700,2700,2700,2500,2600,2800,2750,2800,2900,3000,2875,2800,2800,2800,2800,2700,3000,3000,2900,3000,3100,3200,3000,2800,2600,2800,2500,2725,2800,3000,2950,3000,3100,3200,3200,3000,3000,3200,3300,3200,3300,3400,3400
"30022","Johns Creek","GA","Atlanta","Fulton",59,,,,,,,,,,,,,,,,,,,,,,,,,,,,,,,,,,,,,,,,,,,,,,,,,,,,,,,,,,,,,,,,,,,,,,2200,2325,2350,2300,2200,2225,2200,2200,2200,2200,2200,2100,2175,2200,2200,2200,2050,2100
"33027","Miramar","FL","Miami-Fort Lauderdale","Broward",60,,,,,,,,,,,,,,,,,,,,,,,,,,,,,,,,,,,,,,,,,,,,,,,,,,,,,,,,,,,,,,,,,,,,,,,,,2637,2644,2650,2660,2699.5,2629,2599.5,2625,2695,2695,2620,2620,2600,2520,2510
"89052","Henderson","NV","Las Vegas","Clark",60,,,,,,,,,,,,,,,,,,,,,,,,,,,,,,,,,,,,,,,,,,,,,,,,,,,,,,,,,,,,,,,,,,,,,,,,,1937.5,1900,1925,1995,1995,2150,2100,1995,1975,2050,2150,2100,2000,2097.5,2100
"75035","Frisco","TX","Dallas-Fort Worth","Collin",62,,,,,,,,,,,,,,,,,,,,,,,,,,,,,,1795,1895,1990,1950,1995,1900,1900,1897.5,1875,1872.5,1900,1937.5,1850,1850,1850,1850,1875,1895,1850,1895,1972.5,1997.5,1997.5,1950,1990,1950,1995,2000,1975,2000,2050,2095,2000,2097.5,2100,2025,2000,2025,2000,2000,1997.5,2097.5,2047.5,2000,1997.5,2095,2100,2022.5,2100,2195,2125,2195,2125,2100,2095,2100,2197,2100
"34953","Port Saint Lucie","FL","Port St. Lucie","Saint Lucie",63,,,,,,,,,,,,,,,,,,,,,,,,,,,,,,,,,,,,,,,,,,,,,,,,,,,,,,,,,,,,,,,,,,,,,,,,,1600,1674.5,1700,1700,1675,1650,1675,1695,1650,1687.5,1650,1650,1675,1675,1745
"91710","Chino","CA","Riverside","San Bernardino",64,,,,,,,,,,,,,,,,,,,,,,,,,,,,,,,,,,,,,,,,,,,,,,,,,,,,,,,,,,,,,,,,,,,,,,,,,2499,2500,2550,2525,2587.5,2500,2522,2550,2625,2500,2550,2525,2500,2600,2600
"32225","Jacksonville","FL","Jacksonville","Duval",65,,,,,,,,,,,,,,,,,,,,,,,,,,,,,,,,,,,,,,,,,,,,,,,,,,,,,,,,,,,,,,,,,,,,,,,,,1680,1774.5,1650,1700,1767,1750,1945,1950,1850,1795,1795,1750,1750,1750,1892
"30004","Milton","GA","Atlanta","Fulton",66,,,,,,,,,,,,,,,,,,,,,,,,,,,,,,,,,,,,,,,,,,,,,,,,,,,,,,,,,,,,,,,,,,,,,,,,,,,,2400,2350,2200,2247.5,2300,2225,2225,2250,2300,2200,2200,2250
"89123","Las Vegas","NV","Las Vegas","Clark",67,,,,,,,,,,,,,,,,,,,,,,,,,,,,,,,,,,,,,,,,,,,,,,,,,,,,,,,,,,,,,,,,,,,,,,,,,1699,1600,1635,1635,1650,1650,1675,1625,1768,1695,1700,1700,1700,1700,1700
"94509","Antioch","CA","San Francisco","Contra Costa",68,,,,,,,,,,,,,,,,,,,,,,,,,,,,,,,,,,,,,,,,,,,,,,,,,,,,,,,,,,,,,,,,,,,,,,,,,2137.5,2250,2200,2250,2200,2350,2295,2350,2200,2250,2189.5,2200,2345,2400,2372.5
"32828","Orlando","FL","Orlando","Orange",69,,,,,,,1600,1595,1575,1400,1425,1550,1500,1525,1572.5,1550,1500,1550,1550,1500,1500,1550,1550,1500,1550,1595,1595,1585,1595,1550,1595,1675,1595,1595,1595,1595,1595,1595,1595,1595,1637.5,1650,1595,1625,1600,1595,1562.5,1562.5,1595,1600,1637.5,1695,1700,1685,1700,1700,1600,1600,1625,1699.5,1695,1680,1650,1625,1600,1685,1725,1725,1695,1600,1700,1650,1797.5,1812.5,1725,1845,1800,1800,1877.5,1849.5,1812.5,1895,1900,1849,1900,1862.5,1850
"89031","North Las Vegas","NV","Las Vegas","Clark",70,,,,,1225,1250,1250,1250,1250,1200,1200,1197.5,1200,1200,1225,1275,1250,1200,1195,1195,1195,1200,1195,1195,1195,1199.5,1200,1195,1200,1212.5,1200,1200,1200,1250,1200,1195,1195,1195,1195,1195,1195,1197.5,1200,1200,1225,1250,1200,1200,1200,1200,1250,1250,1295,1297.5,1295,1250,1250,1275,1250,1250,1250,1250,1250,1275,1295,1300,1325,1374.5,1349.5,1320,1299.5,1337.5,1300,1325,1350,1375,1300,1400,1400,1400,1395,1400,1385,1350,1390,1395,1400
"33157","Village of Palmetto Bay","FL","Miami-Fort Lauderdale","Miami-Dade",71,,,,,,,,,,,,,,,,,,,,,,,,,,,,,,,,,,,,,,,,,,,,,,,,,,,,,,,,,,,,,,,,,,,,,,,,,,,2600,2899.5,2900,2751,3200,3200,2675,2817.5,3095,3190,3000,3075,3100
"75002","Allen","TX","Dallas-Fort Worth","Collin",72,,,,,,,,,,,,,,,,,,,,,,,,,,,,,,,,,,,,,,,,,,,,,,,,,,,,,,,,,,,,,,,,,,,,,,,,,1975,1900,1950,1995,2000,2011.5,2000,2000,2050,1975,1950,1960,1950,1950,2000
"77083","Mission Bend","TX","Houston","Fort Bend",73,,,,,,,,,,,,,,,,,,,,,,,,,,,,,,,,,,,,,,,,,,,,,,,,,,,,,,,,,,,,,,,,,,,,,,,,,,,1600,1600,1600,1620,1615,1612.5,1650,1650,1675,1700,1650,1650,1650
"30253","McDonough","GA","Atlanta","Henry",74,,,,,,,,,,,,,,,,,,,,,,,,,,,,,,,,,,,,,,,,,,,,,,,,,,,,,,,,,,,,,,,,,,,,,,,,,1399,1425,1434,1400,1397.5,1432,1460,1495,1460,1445,1447.5,1450,1430,1425,1450
"33511","Brandon","FL","Tampa","Hillsborough",75,,,,,,,,,,,,,,,,,,,,,,,,,,,,,,,,,,,,,,,,,,,,,,,,,,,,,,,,,,,,,,,,,,,,,,,,,1600,1649.5,1650,1637.5,1630,1650,1650,1629.5,1595,1550,1550,1650,1685,1690,1705
"60637","Chicago","IL","Chicago","Cook",76,,,,,,,,,,,,,,,,,,,,,,,,,,,,,,,,,,,,,,,,,,,,,,,,,,,,,,,,,,,,,,,,,,,,,,,,1300,1325,1300,1300,1300,1300,1300,1275,1275,1300,1325,1350,1300,1250,1300,1350
"94513","Brentwood","CA","San Francisco","Contra Costa",77,,,,,,,,,,,,,,,,,,,,,,,,,,,,,,,,,,,,,,,,,,,,,,,,,,,,,,,,,,,,,,,,2495,2400,2495,2500,2497.5,2450,2400,2400,2375,2400,2400,2400,2550,2695,2625,2600,2600,2695,2650,2580,2597.5,2500,2500,2595
"10031","New York","NY","New York","New York",78,,,,,,,,,,,,,,,,,,,,,,,,,,,,,,,,,,,,,,,,,,,,,,,,,,,,,,,,,,,,,,,,,,,,,,,,,3300,3450,3400,3400,3500,3484,3547.5,3400,3500,3400,3247.5,3345.5,3395,3492,3395
"89074","Henderson","NV","Las Vegas","Clark",79,,,,,,,,,,,,,,,,,,,,,,,,,,,,,,,,,,,,,,,,,,,,,,,,,,,,,,,,,,,,,,,,,,,,1637.5,1650,1510,1650,1587.5,1724.5,1750,1750,1725,1700,1750,1795,1799.5,1600,1600,1750,1795,1795,1795,1750
"77346","Atascocita","TX","Houston","Harris",80,,,,,,,,,,,,,,,,,,,,,,,,,,,,,,,,,,,,,1800,1700,1637.5,1600,1625,1650,1700,1785,1700,1700,1744.5,1714.5,1700,1762.5,1795,1800,1762.5,1750,1775,1767,1799.5,1775,1754.5,1775,1750,1787,1824.5,1995,1825,1729,1727,1800,1750,1725,1719,1625,1790,1799.5,1792,1795,1795,1800,1785,1795,1750,1750,1750,1750,1795,1782.5,1850
"19104","Philadelphia","PA","Philadelphia","Philadelphia",81,,,,,,,,,,,,,,,,,,,,,,,,,,,,,,,,,,,,,,,,,,,,,,,,,,,,,,,,,,,,,,,,,,,,,,,,,,2400,2400,2400,2400,2400,2282.5,2400,2300,2200,2400,2500,2500,2500,2500
"30101","Acworth","GA","Atlanta","Cobb",82,,,,,,,,,,,,,,,,,,,,,,,,,,,,,,,,,,,,,,,,,,,,,,,,,,,,,,,,,,,,,,,,,,,,,,,,,,,1645,1635,1599,1597.5,1665,1620,1622.5,1625,1600,1597.5,1625,1695,1697
"92620","Irvine","CA","Los Angeles-Long Beach-Anaheim","Orange",83,,,,,,,,,,,,,,,,,,,,,,,,,,,,,,,,,,,,,,,,,,,,,,,,,,,,,,,,,,,,,,,,,,,,,,,,,3800,4000,4100,4075,4000,4272.5,4000,4000,4050,4050,4095,4200,4000,4000,4000
"89148","Las Vegas","NV","Las Vegas","Clark",84,,,,,,,,,,,,,1520,1495,1495,1450,1445,1495,1400,1395,1400,1395,1350,1350,1350,1350,1395,1495,1500,1475,1475,1450,1472.5,1450,1395,1400,1400,1450,1450,1450,1500,1522.5,1450,1500,1500,1450,1450,1462.5,1495,1450,1450,1499,1450,1400,1500,1595,1495,1495,1535,1500,1595,1595,1550,1495,1550,1550,1500,1450,1497,1495,1572.5,1500,1575,1632.5,1625,1650,1650,1600,1650,1695,1650,1650,1650,1650,1650,1650,1695
"78254","San Antonio","TX","San Antonio","Bexar",85,,,,,,,,,,,,,,,,,,,,,,,,,,,,,,,,,,,,,,,,,,,,,,,,,,,,,,,,,,,,,,,,,,,,,,,,,1512.5,1650,1695,1650,1650,1600,1597.5,1650,1725,1650,1600,1562.5,1600,1595,1600
"77070","Houston","TX","Houston","Harris",86,,,,,,,,,,,,,,,,,,,,,,,,,,,,,,,,,,,,,,,,,,,,,,,,,,,,,,,,,,,,,,,,,,,,,,,,,,1647,1625,1795,1700,1747.5,1700,1700,1700,1695,1750,1700,1750,1797.5,1800
"96706","Ewa Beach","HI","Urban Honolulu","Honolulu",87,,,,,,,,,,,,,,,,,,,,,,,,,,,,,,,,,,,,,,,,,,,,,,,,,,,,,,,,,,,,,,,,,,,,,,,,,3200,3200,3287.5,3400,3300,3275,3300,3125,3185,3000,3000,3000,3200,2925,3200
"06511","New Haven","CT","New Haven","New Haven",88,,,,,,,,,,,,,,,,,,,,,,,,,,,,,,,,,,,,,,,,,,,,,,,,,,,,,,,,,,,,,,,,,,,,,,,,,,1500,1600,1600,1650,1700,1562.5,1597.5,1650,1650,1625,1625,1572.5,1622.5,1697.5
"92562","Murrieta","CA","Riverside","Riverside",89,,,,,,,,,,,,,,,,,,,,,,,,,,,,,,,,,,,,,,,,,,,,,,,,,,,,,,,,,,,,,,,,,,,,,,,,,2197.5,2300,2300,2225,2150,2272.5,2299.5,2200,2200,2150,2199,2300,2251,2250,2200
"77375","Tomball","TX","Houston","Harris",90,,,,,,,,,,,,,,,,,,,,,,,,,,,,,,,,,,,,,,,,,,,,,,,,,,,,,,,,,,,,,,,,,,,,,,,,1650,1662.5,1687.5,1675,1800,1950,1995,1872.5,1850,1800,1850,1800,1850,1875,1925,1950
"02135","Boston","MA","Boston","Suffolk",91,2600,2600,2600,2600,2550,2500,2500,2500,2550,2600,2700,2800,2700,2650,2650,2700,2750,2700,2700,2655,2800,2800,2800,2800,2800,2900,2950,2950,3000,3099,3000,3000,3000,2950,2950,2950,2997,3000,3000,3100,3150,3100,3100,3100,3200,3100,3200,3200,3200,3100,3137.5,3200,3200,3100,3100,3100,3050,3000,3050,3100,3200,3200,3200,3300,3300,3300,3300,3200,3200,3200,3200,3200,3400,3400,3400,3400,3400,3400,3400,3400,3400,3300,3400,3400,3400,3400,3400
"76137","Fort Worth","TX","Dallas-Fort Worth","Tarrant",92,,,,,,,,,,,,,,,,,,,,,,,,,,,,,,,,,,,,,,,,,,,,,,,,,,,,,,,,,,,,,,,,,,,,,,,,,,,1737.5,1755,1777.5,1745,1745,1700,1700,1607.5,1595,1550,1600,1595,1720
"92130","San Diego","CA","San Diego","San Diego",93,,,,,,,,,,,,,,,,,,,,,,,,,,,,,,,,,,,,,,,,,,,,,,,,,,,,,,,,,,,,,,,,,,,,,,,,,4195,4295,4500,4500,4597,4400,4200,4350,4400,4500,4500,4500,4500,4400,4500
"89147","Las Vegas","NV","Las Vegas","Clark",94,,,,,,,,,,,,,1300,1300,1300,1350,1350,1350,1350,1350,1350,1300,1300,1300,1300,1325,1350,1495,1450,1400,1322.5,1300,1375,1385,1395,1395,1375,1400,1400,1400,1400,1420,1432.5,1375,1450,1450,1395,1395,1467.5,1425,1400,1450,1467.5,1450,1485,1496.5,1350,1400,1400,1395,1407.5,1500,1600,1535,1495,1600,1530,1395,1450,1487.5,1399,1485,1400,1450,1500,1650,1600,1650,1650,1574,1550,1550,1595,1595,1650,1600,1695
"92563","Murrieta","CA","Riverside","Riverside",95,,,,,,,1872.5,1972.5,1895,1895,1897.5,1950,1950,1897.5,1900,1900,1900,1900,1850,1850,1850,1850,1895,1895,1900,1895,1895,1895,1900,1900,1900,1900,1900,1900,1900,1895,1899,1895,1875,1895,1962.5,1925,1900,1950,1995,1975,1945,1937.5,1950,1950,1928,1998,2000,2000,2072.5,1999,1995,1995,2097.5,2000,1995,2000,2000,1995,2050,2100,2000,2100,2195,2091,2095,2095,2096,2195,2195,2200,2200,2150,2200,2295,2275,2272.5,2200,2170,2200,2295,2295
"30144","Kennesaw","GA","Atlanta","Cobb",96,,,,,,,,,,,,,,,,,,,,,,,,,,,,,,,,,,,,,,,,,,,,,,,,,,,,,,,,,,,,,,,,,,,,,,,,,1599.5,1650,1595,1619,1645,1695,1695,1700,1660,1695,1673.5,1660,1649,1645,1650
"28540","Jacksonville","NC","Jacksonville","Onslow",97,,,,,,,,,,,,,,,,,,,,,,,,,,,,,,,,,,,,,,,,,,,,,,,,,,,,,,,,,,,,,,,,,,,,,,,,,1175,1050,1125,1150,1200,1150,1097.5,1045,1025,1050,1000,1037.5,1050,1147.5,1100
"29229","Columbia","SC","Columbia","Richland",98,,,,,,,,,,,,,,,,,,,,,,,,,,,,,,,,,,,,,,,,,,,,,,,,,,,,,,,,,,,,,,,,,,,,,,,,,1350,1350,1350,1397.5,1450,1550,1495,1495,1400,1450,1400,1400,1395,1380,1400
"77373","Spring","TX","Houston","Harris",99,,,,,,,,,,,,,,,,,,,,,,,,,,,,,,,,,,,,,,,,,,,,,,,,,,,,,,,,,,,,,,,,,,,,,,,,,1550,1550,1459,1450,1475,1550,1600,1530,1550,1500,1550,1575,1620,1650,1625
"23456","Virginia Beach","VA","Virginia Beach","Virginia Beach City",100,,,,,,,,,,,,,,,,,,,,,,,,,,,,,,,,,,,,,,,,,,,,,,,,,,,,,,,,,,,,,,,,,,,,,,,,,,1950,1985,1995,1950,2000,1950,1895,1947.5,1950,1895,1900,1925,1995,1947.5
"28546","Jacksonville","NC","Jacksonville","Onslow",101,,,1225,1250,1200,1250,1257,1300,1300,1300,1250,1225,1195,1195,1150,1200,1250,1250,1237.5,1200,1221,1200,1197,1150,1150,1160,1160,1160,1237.5,1200,1195,1195,1162.5,1195,1100,1100,1100,1095,1075,1100,1200,1200,1200,1200,1195,1150,1100,1100,1100,1100,1100,1150,1195,1175,1150,1100,1100,1100,1100,1100,1150,1100,1112.5,1200,1200,1150,1150,1212.5,1100,1198.5,1100,1050,1100,1147.5,1150,1175,1200,1250,1200,1150,1100,1100,1100,1125,1137.5,1225,1162.5
"78253","San Antonio","TX","San Antonio","Bexar",102,,,,,,,,,,,,,,,,,,,,,,,,,,,,,,,,,,,,,,,,,,,,,,,,,,,,,,,,,,,,,,,,,,,,,,,1600,1615,1692,1697.5,1695,1695,1787.5,1797.5,1800,1800,1750,1692,1725,1695,1697.5,1695,1695
"30114","Canton","GA","Atlanta","Cherokee",103,,,,,,,,,,,,,,,,,,,,,,,,,,,,,,,,,,,,,,,,,,,,,,,,,,,,,,,,,,,,,,,,,,,,,,,,1475,1510,1500,1525,1550,1550,1615,1599.5,1587.5,1577.5,1565,1575,1600,1595,1597.5,1595
"89129","Las Vegas","NV","Las Vegas","Clark",104,,,,,,,,,,,,,,,,,,,,,,,,,,,,,,,,,,,,,,,,,,,,,,,,,,,,,,,,,,,,,,,,,,,,,,,,,1557.5,1495,1495,1500,1495,1511,1612.5,1500,1495,1600,1587.5,1547.5,1500,1500,1550
"92880","Eastvale","CA","Riverside","Riverside",105,,,,,,,,,,,,,2300,2300,2300,2350,2300,2300,2300,2300,2300,2295,2300,2300,2300,2300,2300,2300,2285,2265,2300,2300,2300,2350,2300,2300,2300,2300,2300,2300,2300,2300,2350,2350,2300,2345,2300,2300,2300,2300,2300,2350,2300,2400,2400,2400,2400,2400,2400,2400,2400,2400,2437.5,2425,2400,2450,2500,2500,2300,2455,2500,2500,2499,2550,2550,2600,2568.5,2550,2550,2572.5,2550,2550,2500,2500,2500,2500,2550
"33578","Riverview","FL","Tampa","Hillsborough",106,,,,,,,,,,,,,,,,,,,,,,,,,,,,,,,,,,,,,,,,,,,,,,,,,,,,,,,,,,,,,,,,,,,,,,,,1500,1519,1530,1550,1517,1525,1550,1600,1610,1587.5,1600,1550,1550,1575,1550,1597.5
"75025","Plano","TX","Dallas-Fort Worth","Collin",107,,,,,,,,,,,,,,,,,,,,,,,,,,,,,1925,1970,1900,1900,1950,1950,1995,2022.5,1995,1950,1950,1950,1972.5,1995,2095,2097.5,1995,1995,1999,1995,1950,1995,2000,2095,2000,2100,2150,2200,2100,2147.5,2100,2072,1999.5,2072.5,2000,2000,2100,2100,2150,2200,2146,1995,2100,1995,2075,2150,2100,2195,2250,2200,2197.5,2150,2150,2100,2000,2000,2100,2100,2100
"78258","San Antonio","TX","San Antonio","Bexar",108,,,,,,,,,,,,,,,,,,,,,,,,,,,,,,,,,,,,,,,,,,,,,,,,,,,,,,,,,,,,,,,,,,,,,,2112.5,2000,2097.5,2272,2283.5,2265,2265,2255,2325,2265,2395,2254,2089,2119.5,2195,2200,2195,2200
"33176","Kendall","FL","Miami-Fort Lauderdale","Miami-Dade",109,,,,,,,,,,,,,,,,,,,,,,,,,,,,,,,,,,,,,,,,,,,,,,,,,,,,,,,,,,,,,,,,,,,,,,,,,,,,2960,3050,2750,3100,3100,3050,3300,2975,2950,3000,2950,2900
"93312","Bakersfield","CA","Bakersfield","Kern",110,,,,,,,,,,,,,,,,,,,,,,,,,,,,,,,,,,,,,,,,,,,,,,,,,,,,,,,,,,,,,,,,,,,,,,,,1600,1650,1650,1650,1650,1650,1662.5,1750,1750,1700,1725,1750,1750,1695,1695,1625
"92618","Irvine","CA","Los Angeles-Long Beach-Anaheim","Orange",111,,,,,,,,,,,,,,,,,,,,,,,,,,,,,,,,,,,,,,,,,,,,,,,,,,,,,,,,,,,,,,,,,,,,,,,,,4000,4175,4125,4100,4100,4000,4125,4175,4150,4200,4250,4000,4200,4200,4175
"75068","Little Elm","TX","Dallas-Fort Worth","Denton",112,,,,,,,,,,,,,,,,,,,,,,,,,,,1695,1650,1650,1600,1650,1650,1600,1625,1600,1597.5,1597.5,1600,1597.5,1600,1650,1697.5,1650,1650,1695,1695,1700,1750,1795,1700,1737.5,1697.5,1750,1795,1797.5,1850,1850,1800,1785,1800,1895,1837.5,1850,1850,2000,1795,1750,1897.5,1850,1950,1800,1795,1795,1862.5,1800,1950,1995,1900,1950,1900,1900,1895,1850,1850,1850,1925,1950
"22554","Stafford","VA","Washington","Stafford",113,,,,,,,,,,,,,,,,,,,,,,,,,,,,,,,,,,,,,,,,,,,,,,,,,,,,,,,,,,,,,,,,,,,,,,,,,2100,2150,2100,2272.5,2272.5,2200,2200,2100,2172.5,2150,2200,2175,2150,2150,2200
"33178","Doral","FL","Miami-Fort Lauderdale","Miami-Dade",114,2500,2500,2500,2562.5,2500,2650,2600,2600,2500,2500,2575,2575,2672.5,2650,2650,2700,2700,2700,2800,2600,2595,2600,2650,2700,2600,2600,2600,2700,2800,2750,2712.5,2700,2650,2662.5,2650,2650,2650,2650,2600,2590,2699,2750,2800,2800,2750,2750,2700,2700,2700,2800,2800,2800,2899.5,3000,2850,2900,2950,3000,2900,2900,2900,2900,2950,2950,3000,2850,2850,2874.5,2950,2900,2899.5,2750,2800,2850,2900,2900,2800,2925,2990,2900,2900,2900,2900,2900,2900,2900,3000
"66502","Manhattan","KS","Manhattan","Riley",115,,,,,,,,,,,,,,,,,,,,,,,,,,,,,,,,,,,,,,,,,,,,,,,,,,,,,,,,,,,,,,,,,,,,,,,,,1425,1432.5,1400,1312.5,1300,1300,1250,1200,1195,1137.5,1277.5,1400,1400,1440,1380
"75071","McKinney","TX","Dallas-Fort Worth","Collin",116,,,,,,,,,,,,,,,,,,,,,,,,,,,,,,,,,,,,,,,,,,,,,,,,,,,,,,,,,,,,,,,,,,,,,,,,,1795,1900,1950,1950,1950,1900,1895,1895,1837.5,1812.5,1850,1850,1850,1900,1900
"92037","San Diego","CA","San Diego","San Diego",117,,,,,,,,,,,,,,,,,,,,,,,,,,,,,,,,,,,,,,,,,,,,,,,,,,,,,,,,,,,,,,,,,,,,,,,,,,,7500,7500,8000,8400,8000,7550,8000,7997.5,7995,7450,7500,8000,7747.5
"33033","Homestead","FL","Miami-Fort Lauderdale","Miami-Dade",118,,,,,,,,,,,,,,,,,,,,,,,,,,,,,,,,,,,,,,,,,,,,,,,,,,,,,,,,,,,,,,,,,,,,,,1725,1600,1699.5,1800,1800,1800,1775,1800,1800,1800,1775,1825,1850,1810.5,1825,1770,1800,1850
"79928","Horizon City","TX","El Paso","El Paso",119,,,,,,,,,,,,,,,,,,,,,,,,,,,,,,,,,,,,,,,,,,,,,,,,,,,,,,,,,,,,,,,,,,,,,,,,,,1150,1195,1195,1100,1100,1119.5,1125,1150,1175,1200,1250,1150,1230,1300
"77407","Richmond","TX","Houston","Fort Bend",120,,,,,,,,,,,,,,,,,,,,,,,,,,,,,,,,,,,,,,,1897.5,1900,2000,2095,2100,2150,1950,1900,1972.5,2100,2197.5,1932.5,1825,1895,1925,1895,1872.5,1850,1850,1850,1890,1900,1975,1850,1850,1950,1800,1990,1899,1900,1925,1950,1849,1850,1950,1950,1950,1950,1950,1897,1897.5,1962.5,1962.5,1999,2000,1900,1850,1825,1850
"28173","Waxhaw","NC","Charlotte","Union",121,,,,,,,,,,,,,,,,,,,,,,,,,,,,,,,,,,,,,,,,,,,,,,,,,,,,,,,,,,,,,,,,,,,,,,,,,2149,2080,2099,2089,1995,2097.5,2195,2195,2195,2095,2085,2090,2125,2097.5,2045
"28117","Mooresville","NC","Charlotte","Iredell",122,,,,,,,,,,,,,,,,,,,,,,,,,,,,,,,,,,,,,,,,,,,,,,,,,,,,,,,,,,,,,,,,,,,,,,,,,1782.5,1800,1800,1872.5,1972.5,1825,1995,1895,1795,1745,1735,1795,1725,1795,1795
"75024","Plano","TX","Dallas-Fort Worth","Collin",123,,,,,,,,,,,,,,,,,,,,,,,,,,,,,,,,,,,,,,,,,,,,,,,,,,,,,,,,,,,,,,,,,,,,,,,,,2272.5,2425,2292.5,2295,2345,2400,2300,2422.5,2400,2200,2200,2250,2300,2262.5,2225
"30809","Evans","GA","Augusta","Columbia",124,,,,,,,,,,,,,,,,,,,,,,,,,,,,,,,,,,,,,,,,,,,,,,,,,,,,,,,,,,,,,,,,,,,,,,,,1495,1500,1575,1595,1562.5,1595,1650,1600,1550,1595,1597.5,1575,1595,1622.5,1550,1575
"30518","Buford","GA","Atlanta","Gwinnett",125,,,,,,,,,,,,,,,,,,,,,,,,,,,,,,,,,,,,,,,,,,,,,,,,,,,,,,,,,,,,,,,,,,,,,,,,,,1650,1650,1625,1625,1695,1699.5,1650,1640,1610,1600,1600,1625,1700,1722.5
"33179","Ives Estates","FL","Miami-Fort Lauderdale","Miami-Dade",126,,,,,,,,,,,,,,,,,,,,,,,,,,,,,,,,,,,,,,,,,,,,,,,,,,,,,,,,,,,,,,,,,,,,,,,,,,,,2600,2600,2550,2600,2750,2800,2750,2700,2750,2700,2700,2700
"77406","Richmond","TX","Houston","Fort Bend",127,,,,,,,,,,,,,,,,,,,,,,,,,,,,,,,,,,,,,,,,,,,,,,,,,,,,,,,,,,,,,,,,,,,,,,,,,1850,1850,1800,1885,1985,1950,1985,2050,1999.5,1995,1900,1995,2000,1900,1900
"28306","Fayetteville","NC","Fayetteville","Cumberland",128,,,,,,,,,,,,,,,,,,,,,,,,,,,,,,,,,,,,,,,,,,,,,,,,,,,,,,,,,,,,,,,,,,,,,,,,,,1400,1400,1425,1450,1500,1400,1375,1397.5,1350,1450,1422.5,1475,1497.5,1475
"30097","Duluth","GA","Atlanta","Gwinnett",129,,,,,,,,,,,,,,,,,,,,,,,,,,,,,,,,,,,,,,,,,,,,,,,,,,,,,,,,,,,,,,,,,,,,,,,,,1970,2100,2050,2000,2025,2095,2200,2100,2069.5,1999.5,1995,2047.5,2074.5,2075,2120
"19121","Philadelphia","PA","Philadelphia","Philadelphia",130,,,,,,,,,,,,2200,2400,2300,2300,2200,2197.5,2100,2000,2000,2000,2100,2200,2300,2200,2260,2300,2300,2100,2100,2000,2000,2000,2250,2400,2100,2200,2200,2200,2200,2000,2000,2000,2000,2000,2000,2200,2200,2200,2200,2200,2200,2200,2100,2000,2000,2150,2200,2200,2200,2200,2200,2200,2200,2200,2100,2000,2000,2000,2200,2200,2400,2200,2200,2200,2225,2200,2200,2200,2200,2200,2400,2300,2300,2300,2300,2200
"20148","Ashburn","VA","Washington","Loudoun",131,,,,,,,,,,,,,,,,,,,,,,,,,,,,,,,,,,,,,,,,,,,,,,,,,,,,,,,,,,,,,,,,,,,,,,,,,,,2625,2647.5,2700,2600,2750,2750,2790,2645,2800,2700,2590,2550,2600
"77469","Richmond","TX","Houston","Fort Bend",132,,,,,,,,,,,,,,,,,,,,,,,,,,,,,,,,,,,,,,,,,,,,,,,,,,,,,,,,,,,,,,,,,,,,,,,,,1875,1900,1850,1850,1850,1800,1800,1800,1750,1825,1895,1825,1800,1800,1800
"32259","Fruit Cove","FL","Jacksonville","Saint Johns",133,,,,,,,,,,,,,,,,,,,,,,,,,,,,,,,,,,,,,,,,,,,,,,,,,,,,,,,,,,,,,,,,,,,,,,,,,1899,1895,1900,2125,1997.5,2067.5,2102.5,2075,1925,1950,1995,2029,2000,1992.5,1992.5
"77388","Spring","TX","Houston","Harris",134,,,,,,,,,,,,,,,,,,,,,,,,,,,,,,,,,,,,,,,,,,,,,,,,,,,,,,,,,,,,,,,,,,,,,,,,,1700,1650,1695,1650,1675,1695,1695,1695,1695,1700,1725,1825,1822,1799,1750
"78109","Converse","TX","San Antonio","Bexar",135,,,,,,,,,,,,,,,,,,,,,,,,,,,,,,,,,,,,,,,,,,,,,,,,,,,,,,,,,,,,,,,,,,,,,,,,,1400,1400,1400,1400,1400,1450,1475,1450,1400,1450,1450,1450,1450,1450,1437.5
"89131","Las Vegas","NV","Las Vegas","Clark",136,,,,,,,,,,,,,,,,,,,,,,,,,,,,,,,,,,,,,,,,,,,,,,,,,,,,,,,,,,,,,,,,,,,,,,,,,1595,1660,1650,1695,1695,1730,1695,1695,1600,1597,1677.5,1695,1695,1665,1672.5
"34786","Windermere","FL","Orlando","Orange",137,,,,,,,,,,,,,,1925,2200,2100,2100,2150,2225,2050,2200,2212.5,2000,2212.5,2000,1975,1950,1995,2200,2295,2295,2272.5,2295,2200,2195,2100,2100,2100,2100,2100,2062.5,1900,2000,2000,2000,2050,1995,1995,2062.5,2095,2097.5,2200,2150,2275,2150,2350,2300,2250,2150,2100,2150,2200,2300,2350,2337.5,2425,2200,2249,2422.5,2232.5,2297.5,2312.5,2322.5,2397.5,2250,2500,2500,2424.5,2602.5,2525,2475,2450,2345,2400,2475,2587.5,2400
"34746","Kissimmee","FL","Orlando","Osceola",138,,,,,,,,,,,,,,,,,,,,,,,,,,,,,,,,,,,,,,,,,,,,,1350,1400,1390,1395,1395,1400,1475,1450,1450,1450,1450,1495,1450,1450,1497.5,1495,1497.5,1497.5,1500,1500,1550,1495,1500,1555,1550,1497.5,1500,1495,1595,1500,1597.5,1650,1595,1500,1550,1600,1599,1550,1550,1600,1650,1695,1642.5
"32712","Apopka","FL","Orlando","Orange",139,,,,,,,,,,,,,,,,,,,,,,,,,,,,,,,,,,,,,,,,,,,,,,,,,,,,,,,,,,,,,,,,,,,,,,,,,1750,1785,1737.5,1800,1750,1825,1755,1760,1779.5,1783,1775,1800,1800,1795,1799
"33196","The Hammocks","FL","Miami-Fort Lauderdale","Miami-Dade",140,,,,2025,2150,2150,2150,2292.5,2300,2250,2200,2100,2200,2200,2200,2175,2175,2100,2270,2300,2200,2185,2200,2200,2200,2200,2300,2300,2300,2300,2300,2300,2289,2289,2299,2255,2271.5,2299,2299,2250,2295,2250,2272.5,2310,2300,2300,2300,2325,2300,2200,2262.5,2300,2272.5,2300,2300,2290,2295,2300,2400,2300,2300,2300,2300,2250,2450,2375,2500,2300,2450,2395,2265,2225,2250,2300,2291,2400,2425,2406,2449.5,2462.5,2450,2495,2450,2462.5,2500,2500,2450
"30519","Buford","GA","Atlanta","Gwinnett",141,,,,,,,,,,,,,,,,1295,1300,1350,1350,1300,1295,1372.5,1362.5,1350,1395,1395,1395,1395,1317.5,1372.5,1375,1397.5,1400,1400,1400,1400,1400,1400,1400,1400,1437.5,1400,1400,1425,1400,1450,1450,1462.5,1450,1450,1500,1500,1525,1500,1500,1495,1495,1480,1500,1547,1500,1500,1547.5,1540,1500,1500,1525,1500,1500,1507.5,1500,1460,1500,1550,1595,1600,1600,1648,1640.5,1670,1645,1650,1650,1650,1675.5,1695,1700
"02127","Boston","MA","Boston","Suffolk",142,,,,,,,,,,,,,,,,,,,,,,,,,,,,,,,,,,,,,,,,,,,,,,,,,,,,,,,,,,,,,,,,,,,,,,,,,,4200,4500,4800,4800,4800,4500,4200,4000,4000,4150,4200,4000,3995,4600
"30039","Snellville","GA","Atlanta","Gwinnett",143,,,,,,,,,,,,,,,,,,,,,,,,,,,,,,,,,,,,,,,,,,,,,,,,,,,,,,,,,,,,,,,,,,,,,,,,1387,1399,1469,1495,1479.5,1487,1559,1529,1498,1495,1495,1495,1495,1495,1500,1500
"91765","Diamond Bar","CA","Los Angeles-Long Beach-Anaheim","Los Angeles",144,,,,,,,,,,,,,,,,,,,,,,,,,,,,,,,,,,,,,,,,,,,,,,,,,,,,,,,,,,,,,,,,,,,,,,,,,,2899,2850,2800,2800,2850,2850,2850,2950,2950,2975,2997.5,2950,3000,2987.5
"30813","Grovetown","GA","Augusta","Columbia",145,,,,,,,,,,,,,,,,,,,,,,,,,,,1297.5,1300,1295,1275,1275,1237.5,1200,1225,1250,1250,1250,1250,1250,1250,1250,1250,1295,1295,1295,1295,1250,1250,1295,1350,1350,1295,1295,1300,1300,1350,1300,1295,1295,1300,1300,1300,1350,1395,1395,1395,1350,1362.5,1250,1297.5,1275,1300,1325,1350,1400,1400,1400,1350,1350,1395,1400,1395,1375,1350,1337.5,1350,1325
"90275","Rancho Palos Verdes","CA","Los Angeles-Long Beach-Anaheim","Los Angeles",146,,,,,,,,,,,,,,,,,,,,,,,,,,,,,,,,,,,,,,,,,,,,,,,,,,,,,,,,,,,,,,,,,,,,,,,,,,,4500,4500,4532,4500,4500,4500,4300,4300,4195,4197.5,4500,4600,4795
"32824","Orlando","FL","Orlando","Orange",147,,,,,,,,,,,,,,,,,,,,,,,,,,,,,,,,,,,,,,,,,,,,,,,,,,,,,,,,,,,,,,,,,,,,,,,1525,1575,1650,1695,1625,1600,1625,1695,1695,1724.5,1700,1720.5,1750,1720,1700,1750,1747.5
"77498","Sugar Land","TX","Houston","Fort Bend",148,,,,,,,,,,,,,,,,,,,,,,,,,,,,,,,,,,,,,,,,,,,,,,,,,,,,,,,,,,,,,,,,,,,,,,,,,,,1775,1850,1850,1850,1800,1797.5,1850,1825,1850,1875,1875,1875,1800
"02472","Watertown","MA","Boston","Middlesex",149,,,,,,,,,,,,,,,,,,,,,,,,,,,,,,,,,,,,,,,,,,,,,,,,,,,,,,,,,,,,,,,,,,,,,,,,,2900,3100,3100,3100,3200,3100,3000,2950,2950,2850,2850,2850,2850,3300,3250
"75013","Allen","TX","Dallas-Fort Worth","Collin",150,,,,,,,,,,,,,,,,,,,,,,,,,,,,,,,,,,,,,,,,,,,,,,,,,,,,,,,,,,,,,,,,,,,,,,,,,,2297.5,2425,2450,2425,2348,2475,2400,2397.5,2500,2372.5,2500,2300,2295,2300
"02130","Boston","MA","Boston","Suffolk",151,,,,,,,,,,,,,,,,,,,,,,,,,3000,3000,3000,3000,3000,3200,3100,3200,3200,3000,3000,3200,3200,3200,3000,3000,3100,3200,3100,3000,3000,3000,3200,3150,3325,3300,3400,3400,3400,3400,3200,3200,3000,3000,3000,3200,3400,3500,3400,3400,3400,3400,3400,3400,3400,3200,3200,2975,3400,3475,3475,3600,3600,3650,3600,3495,3495,3495,3600,3600,3600,3600,3600
"30019","Dacula","GA","Atlanta","Gwinnett",152,,,,,,,,,,,,,,,,,,,,,,,,,,,,,,,,,,,,,,,,,,,,,,,,,,,,,,,,,,,,,,,,,,,,,,,,,,,1560,1600,1635.5,1600,1577,1575,1580,1545,1595,1550,1597.5,1610,1675
"33428","Boca Raton","FL","Miami-Fort Lauderdale","Palm Beach",153,,,,,,,,,,,,,,,,,,,,,,,,,,,,,,,,,,,,,,,,,,,,,,,,,,,,,,,,,,,,,,,,,,,,,,,,,,2910,2907.5,2850,2850,2870.5,2870.5,2850,2795,2800,2750,2795,2795,2796,2764
"02139","Cambridge","MA","Boston","Middlesex",154,,,,,,,,,,,,,,,,,,,,,,,,,,4000,4000,4000,4000,3750,3800,3900,3800,3987.5,3975,3900,3800,3950,3950,3925,3900,3850,4000,4000,3850,3699.5,3550,3574.5,3800,3850,4000,4000,4000,4000,3887.5,3800,3599,3250,3250,3300,3500,3650,4000,4100,4400,4100,4050,4150,4050,3850,3800,3800,3987.5,4100,4100,4200,4400,4400,4300,4200,4200,4000,4000,4000,4000,4500,4400
"33172","Fountainbleau","FL","Miami-Fort Lauderdale","Miami-Dade",155,,,,,,,,,,,,,,,,,,,,,,,,,,,,,,,,,,,,,,,,,,,,,,,,,,,,,,,,,,,,,,,,,,,,,,,,,,,,3100,3100,3100,3100,3100,3100,3100,3000,3050,3000,3100,2850
"89128","Las Vegas","NV","Las Vegas","Clark",156,,,,,,,,,,,,,,,,,,,,,,,,,,,,,,,,,,,,,,,,,,,,,,,,,,,,,,,,,,,,,,,,,,,,,,,,,1450,1500,1475,1697.5,1600,1650,1737.5,1650,1650,1600,1595,1605,1600,1600,1725
"02138","Cambridge","MA","Boston","Middlesex",157,,,,,,,,,,,,,,,,,,,,,,,,,,,,,,,,,,,,,,,,,,,,,,,,,,,,,,,,,,,,,,,,,,,,,,,,,,,4700,4500,4750,4600,4500,4500,4500,4000,4000,4000,4000,4000,4100
"33193","Kendall West","FL","Miami-Fort Lauderdale","Miami-Dade",157,,,,,,,,,,,,,,,,,,,,,,,,,,,,,,,,,,,,,,,,,,,,,,,,,,,,,,,,,,,,,,,,,,,,,,,,,2300,2300,2300,2295,2295,2174.5,2200,2300,2345,2295,2300,2380,2300,2420,2420
"92557","Moreno Valley","CA","Riverside","Riverside",159,,,,,,,,,,,,,,,,,,,,,,,,,,,,,,,,,,,,,,,,,,,,,,,,,,,,,,,,,,,,,,,,,,,,,,,,,,,,1900,1925,1932.5,1925,1937.5,1847.5,1825,1825,1860,1900,1900,1950
"33018","Hialeah","FL","Miami-Fort Lauderdale","Miami-Dade",160,,,,,,,,,,,,,,,,,,,,,,,,,,,,,,,,,,,,,,,,,,,,,,,,,,,,,,,,,,,,,,,,,,,,,,,,,2575,2700,2700,2700,2650,2750,2700,2700,2775,2775,2700,2650,2625,2600,2700
"02128","Boston","MA","Boston","Suffolk",161,,,,,,,,,,,,,,,,,,,,,,,,,,,,,,,,,,,,,,,,,,,,,,,,,,,,,,,,,,,,,,,,,,,,,,,,,,3000,3000,2995,2900,2900,2950,3100,3000,3000,3000,3000,3100,3100,3100
"30213","Fairburn","GA","Atlanta","Fulton",162,,,,,,,,,,,,,,,,,,,,,,,,,,,,,,,,,,,,,,,,,,,,,,,,,,,,,,,,,,,,,,,,,,,,,,,,,,1492,1500,1500,1474.5,1450,1495,1525,1555,1500,1545,1525,1575,1535,1530
"89012","Henderson","NV","Las Vegas","Clark",163,,,,,,,,,,,,,,,,,,,,,,,,,,,,,,,,,,,,,,,,,,,,,,,,,,,,,,,,,,,,,,,,,,,,,,,,,,1950,1900,1887.5,1995,1995,1925,1995,1997.5,1872.5,2150,1995,1897.5,1895,1762.5
"94582","San Ramon","CA","San Francisco","Contra Costa",164,,,,,,,,,,,,,,,,,,,,,,,,,,,,,,,,,,,,,,,,,,,,,,,,,,,,,,,,,,,,,,,,,,,,,,,,,3900,4250,4300,4300,4300,4500,4500,4495,4295,4295,4200,3995,4250,4200,4200
"33032","Princeton","FL","Miami-Fort Lauderdale","Miami-Dade",165,,,,,,,,,,,,,,,,,,,,,,,,,,,,,,,,,,,,,,,,,,,,,,,,,,,,,,,,,,,,,,,,,,,1850,1985,2075,1875,1800,1800,1877.5,2000,2000,1999,1950,1950,1962.5,1950,1950,1950,1950,1950,2000,1987,1950
"28348","Hope Mills","NC","Fayetteville","Cumberland",166,,,,,,,,,,,,,,,,,,,,,,,,,,,,,,,,,,,,,,,,,,,,,,,,,,,,,,,,,,,,,,,,,,,,,,,,,,1250,1200,1175,1247.5,1250,1250,1250,1275,1300,1350,1250,1225,1297.5,1262.5
"89139","Las Vegas","NV","Las Vegas","Clark",167,,,,,,,,,,,,,,,,,,,,,,,,,,,,,,,,,,,,,,,,,,,,,,,,,,,,,,,,,,,,,,,,,,,,,,,,,1495,1519.5,1600,1537.5,1595,1600,1695,1600,1600,1675,1650,1650,1750,1850,1645
"98006","Bellevue","WA","Seattle","King",168,,,,,,,,,,,,,,,,,,,,,,,,,,,,,,,,,,,,,,,,,,,,,,,,,,,,,,,,,,,,,,,,,,,,,,,,,3200,3400,3397.5,3400,3300,3500,3599,3300,3250,3175,3100,3100,3300,3395,3200
"89149","Las Vegas","NV","Las Vegas","Clark",169,,,,,,,,,,,,,,,,,,,,,,,,,,,,,,,,,,,,,,,,,,,,,,,,,,,,,,,,,,,,,,,,,,,,,,,,,1472.5,1445,1575,1760,1572.5,1650,1780,1600,1600,1497.5,1462.5,1500,1497.5,1445,1595
"02446","Brookline","MA","Boston","Norfolk",170,,,,,,,,,,,,3300,3400,3500,3500,3600,3600,3600,3600,3600,3600,3697.5,3700,3700,3750,3795,3800,3800,3800,3800,3800,3700,3700,3695,3800,3800,3950,4000,4000,4100,3997.5,4000,3900,3800,3700,3700,3800,3950,4000,4000,4000,4000,4000,4000,4000,3950,3800,3800,4000,4150,4200,4200,4150,4125,4000,4000,4000,3950,3900,3850,3800,4000,4450,4450,4200,4200,4200,4100,4100,4200,4100,4100,4450,4700,4500,4550,4500
"23503","Norfolk","VA","Virginia Beach","Norfolk City",171,,,,,,,,,,,,,,,,,,,,,,,,,,,,,,,,,,,,,,,,,,,,,,,,,,,,,,,,,,,,,,,,,,,,,,,,,,1397.5,1247.5,1400,1412.5,1475,1467.5,1495,1350,1400,1375,1400,1400,1595,1547.5
"92591","Temecula","CA","Riverside","Riverside",172,,,,,,,,,,,,,,,,,,,,,,,,,,,,,,,,,,,,,,,,,,,,,,,,,,,,,,,,,,,,,,,,,,,,,,,,,,2155,2180,2200,2195,2300,2300,2300,2225,2200,2200,2197.5,2200,2200,2300
"33029","Pembroke Pines","FL","Miami-Fort Lauderdale","Broward",173,,,,,,,,,,,,,,,,,,,,,,,,,,,,,,,,,,,,,,,,,,,,,,,,,,,,,,,,,,,,,,,,,,,,,,,,,2690,2622,2615,2630,2690,2600,2650,2600,2625,2600,2650,2640,2722.5,2675,2650
"94531","Antioch","CA","San Francisco","Contra Costa",174,,,,,,,,,,,,,,,,,,,,,,,,,,,,,,,,,,,,,,,,,,,,,,,,,,,,,,,,,,,,,,,,,,,,,,,,2100,2300,2300,2300,2350,2150,2300,2300,2465,2400,2300,2387.5,2400,2400,2400,2400
"28079","Indian Trail","NC","Charlotte","Union",175,,,,,,,,,,,,,,,,,,,,,,,,,,,,,,,,,,,,,,,,,,,,,,,,,,,,,,,,,,,,,,,,,,,,,,,,,,,1695,1697,1712.5,1742,1699,1695,1664.5,1660,1650,1595,1650,1695,1695
"89178","Las Vegas","NV","Las Vegas","Clark",176,,,,,,,,,,,,,,,,,,,,,,,,,,,,,,,,,,,,,,,,,,,,,,,,,,,,,,,,,,,,,,,,,,,,,,,,,1550,1495,1595,1595,1550,1597.5,1595,1600,1625,1595,1650,1672.5,1595,1525,1665
"77073","Houston","TX","Houston","Harris",177,,,,,,,,,,,,,,,,,,,,,,,,,,,,,,,,,,,,,,,,,,,,,,,,,,,,,,,,,,,,,,,,,,,,,,,,1400,1400,1395,1425,1425,1425,1450,1445,1450,1440,1440,1425,1425,1450,1425,1425
"32065","Orange Park","FL","Jacksonville","Clay",178,,,,,,,,,,,,,,,,,,,,,,,,,,,,,,,,,,,,,,,,,,,,,,,,,,,,,,,,,,,,,,,,,,,,,,,,,1575,1500,1575,1595,1625,1660,1625,1572,1605,1620,1600,1595,1595,1612.5,1687.5
"89113","Las Vegas","NV","Las Vegas","Clark",179,,,,,,,,,,,,,,,,,,,,,,,,,,,,,,,,,,,,,,,,,,,,,,,,,,,,,,,,,,,,,,,,,,,,,,,,,,,,1995,2022.5,1875,1900,1950,1895,1850,1995,1950,1872.5,1965,1947.5
"73012","Edmond","OK","Oklahoma City","Oklahoma",180,,,,,,,,,,,,,,,,,,,,,,,,,,,,,,,,,,,,,,,,,,,,,,,,,,,,,,,,,,,,,,,,,,,,,,,,,1820,1695,1645,1645,1735,1850,1795,1640,1497.5,1500,1672.5,1650,1737.5,1810,1800
"32092","Saint Augustine","FL","Jacksonville","Saint Johns",181,,,,,,,,,,,,,,,,,,,,,,,,,,,,,,,,,,,,,,,,,,,,,,,,,,,,,,,,,,,,,,,,,,,,,,,,,1797.5,1775,1797.5,1862.5,1875,1895,1917.5,1897.5,1895,1825,1847.5,1895,1875,1895,1995
"89183","Las Vegas","NV","Las Vegas","Clark",182,,,,,,,,,,,,,,,,,,,,,,,,,,,,,,,,,,,,,,,,,,,,,,,,,,,,,,,,,,,,,,,,,,,,,,,,,,1500,1450,1475,1650,1500,1525,1512.5,1512.5,1495,1495,1495,1537.5,1625,1550
"91789","Walnut","CA","Los Angeles-Long Beach-Anaheim","Los Angeles",183,,,,,,,,,,,,,,,,,,,,,,,,,,,,,,,,,,,,,,,,,,,,,,,,,,,,,,,,,,,,,,,,,,,,,,,,,,2900,3000,2875,2999,3000,2990,3050,3040,3200,3100,3100,2989.5,2950,2925
"02118","Boston","MA","Boston","Suffolk",184,,,,,,,,,,,,,,,,,,,,,,,,,,,,,,,,,,,,,,,,,,,,,,,,,,,,,,,,,,,,,,,,,,,,,,,,,5300,5300,5300,5200,5200,5000,5000,5000,5000,5000,5000,5000,5450,5500,5547.5
"75033","Frisco","TX","Dallas-Fort Worth","Collin",185,,,,,,,,,,,,,,,,,,,,,,,,,,,,,,,,,,,,,,,,,,,,,,,,,,,,,,,,,,,,,,,,,,,,,,,,,,2200,2250,2500,2550,2500,2475,2400,2395,2372.5,2250,2300,2400,2350,2350
"77389","The Woodlands","TX","Houston","Montgomery",186,,,,,,,,,,,,,,,,,,,,,,,,,,,,,,,,,,,,,,2500,2475,2500,2690,2500,2472.5,2625,2500,2500,2500,2500,2500,2500,2525,2500,2600,2600,2575,2500,2500,2437.5,2400,2450,2397.5,2400,2400,2500,2500,2400,2600,2450,2400,2370,2400,2300,2310,2200,2325,2350,2365,2300,2300,2250,2200,2200,2400,2500,2445,2300,2250
"02840","Newport","RI","Providence","Newport",187,,,,,,,,,,,,,,,,,,,,,,,,,,,,,,,,,,,,,,,,,,,,,,,,,,,,,,,,,,,,,,,,,,,2200,2300,2267.5,2350,2447.5,2450,2500,2725,2725,2600,2600,2400,2600,2400,2400,2400,2450,2600,2600,2750,2800
"33594","Valrico","FL","Tampa","Hillsborough",188,,,,,,,,,,,,,,,,,,,,,,,,,,,,,,,,,,,,,,,,,,,,,,,,,,,,,,,,,,,,,,,,,,,,,,,,,1599,1609,1687,1699,1760,1850,1750,1682.5,1630,1650,1675,1590,1589.5,1687.5,1725
"02125","Boston","MA","Boston","Suffolk",189,,,,,,,,,,,,,,,,,,,,,,,,,,,,,,,,,,,,,,,,,,,,,,,,,,,,,,,,,,,,2350,2700,2800,2900,2900,2800,2950,2800,2800,2650,2500,2400,2600,3000,3000,3000,3200,3200,3200,3100,3100,3000,2850,2850,2900,2900,3000,3175
"92651","Laguna Beach","CA","Los Angeles-Long Beach-Anaheim","Orange",189,,,,,,,,,,,,,,,,,,,,,,,,,,,,,,,,,,,,,,,,,,,,,,,,,,,,,,,,,,,,,,,,,,,,,,,,,,,9500,9725,9250,9000,8250,9625,9200,9975,9725,10000,9975,9250,9500
"33076","Coral Springs","FL","Miami-Fort Lauderdale","Broward",191,,,,,,,,,,,,,,,,,,,,,,,,,,,,,,,,,,,,,,,,,,,,,,,,,,,,,,,,,,,,,,,,,,,,,,,,3072.5,2800,2797.5,2800,2825,3000,2975,2950,3200,3200,3350,3400,2950,2950,3000,3000
"89081","North Las Vegas","NV","Las Vegas","Clark",192,,,,,,,,,,,,,1225,1235,1200,1250,1272.5,1300,1250,1197,1200,1200,1195,1200,1200,1195,1200,1200,1200,1200,1245,1245,1225,1250,1275,1200,1200,1200,1250,1200,1250,1250,1200,1200,1200,1250,1250,1250,1249,1250,1250,1250,1250,1200,1225,1250,1250,1200,1225,1250,1250,1295,1292.5,1295,1250,1295,1250,1295,1250,1250,1250,1250,1295,1304.5,1350,1395,1395,1375,1375,1350,1400,1400,1397.5,1350,1350,1400,1450
"30045","Lawrenceville","GA","Atlanta","Gwinnett",193,,,,,,,,,,,,,,,,,,,,,,,,,,,,,,,,,,,,,,,,,,,,,,,,,,,,,,,,,,,,,,,,,,,,,,,,1495,1472,1457.5,1495,1537.5,1560,1547.5,1500,1525,1530,1545,1525,1545,1550,1575,1592.5
"11937","East Hampton","NY","New York","Suffolk",194,,,,,,,,,,,,,,,,,,,,,,,,,,,,,,,,,,,,,,,,,,,,,,,,,,,,,,,,,,,,,,,,,,,,,,,,,45000,45000,40000,40000,39000,39000,35000,35000,37750,38500,35000,35000,35000,35000,30000
"66441","Junction City","KS","Junction City","Geary",195,,,,,,,,,,,,,,,,,,,,,,,,,,,,,,,,,,,,,,,,,,,,,,,,,,,,,,,,,,,,,,,,,,,,,,,,,,1200,1200,1200,1287.5,1262.5,1237.5,1200,1200,1250,1250,1225,1200,1200,1225
"22101","Mc Lean","VA","Washington","Fairfax",196,,,,,,,,,,,,,,,,,,,,,,,,,,,,,,,,,,,,,,,,,,,,,,,,,,,,,,,,,,,,,,,,,,,,,,,,,,3600,3750,3800,3900,3800,4000,3800,3700,3500,3500,3500,3500,3450,3500
"77493","Katy","TX","Houston","Harris",197,,,,,,,,,,,,,,,,,,,,,,,,,,,,,,,,,,,,,,,,,,,,,,,,,,,,,,,,,,,,,,,,,,,,,,,,,1714.5,1725,1792.5,1800,1812.5,1800,1800,1850,1900,1850,1850,1750,1712.5,1700,1800
"60621","Chicago","IL","Chicago","Cook",198,,,,,,,,,,,,,,,,,,,,,,,,,,,,,,,,,,,,,,,,,,,,,,,,,,,,,,,,,,,,,,,,,,,,,,,,,,,,1225,1250,1200,1200,1187.5,1250,1200,1200,1225,1250,1295,1322.5
"78260","San Antonio","TX","San Antonio","Bexar",199,,,,,,,,,,,,,,,,,,,,,,,,,,,,,,,,,,,,,,,,,,,,,,,,,,,,,,,,,,,,,,,,,,,,,,,,,,2150,2145,2250,2300,2270,2195,2100,2100,2100,2100,2100,2100,2095,2295
"89141","Las Vegas","NV","Las Vegas","Clark",200,,,,,,,,,,,,,,,,,,,,,,,,,,,,,,,,,,,,,,,,,,,,,,,,,,,,,,,,,,,,,,,,,,,,,,,,,1585,1591,1600,1650,1600,1672.5,1612.5,1725,1650,1600,1617.5,1600,1650,1650,1650
"02119","Boston","MA","Boston","Suffolk",201,,,,,,,,,,,,,,,,,,,,,,,,,,,,,,,,,,,,,,,,,,,,,,,,,,,,,,,,,,,,,,,,,,,,,,,,,3300,3262.5,3300,3300,3300,3250,3075,3000,2900,2900,3200,3200,3400,3275,3275
"31324","Richmond Hill","GA","Savannah","Bryan",202,,,,,,,,,,,,,,,,,,,,,,,,,,,,,,,,,,,,,,,,,,,,,,,,,,,,,,,,,,,,,,,,,,,,,,,,,,1700,1725,1750,1725,1725,1750,1700,1685,1700,1750,1775,1750,1700,1737.5
"02143","Somerville","MA","Boston","Middlesex",203,,,,,,,,,,,,,,,,,,,,,,,,,,,,,,,,,,,,,3200,3250,3400,3500,3500,3400,3400,3350,3400,3400,3200,3200,3200,3200,3475,3400,3550,3600,3575,3500,3350,3375,3000,3000,3000,3000,3525,3550,3700,3800,3600,3800,3625,3200,3200,3000,3000,3450,3600,3750,3750,3800,3800,3500,3500,3800,3500,3400,3350,3500,3900
"32003","Fleming Island","FL","Jacksonville","Clay",204,,,,,,,,,,,,,,,,,,,,,,,,,,,,,,,,,,,,,,,,,,,,,,,,,,,,,,,,,,,,,,,,,,,,,,,,,1695,1699,1750,1850,1850,1900,1895,1875,1850,1775,1785,1787.5,1750,1795,1800
"02145","Somerville","MA","Boston","Middlesex",205,,,,,,,,,,,,,,,,,,,,,,,,,2400,2500,2500,2500,2500,2600,2500,2600,2600,2600,2400,2400,2450,2600,2600,2800,2800,2900,2875,2887.5,2850,2600,2600,2600,2600,2700,2900,2950,2850,2925,2900,2875,2800,2800,2800,2800,2850,2900,3000,3000,3200,3175,3200,3187.5,3187.5,2962.5,2900,2900,3100,3200,3400,3450,3475,3475,3475,3475,3300,3300,3300,3200,3312.5,3800,3800
"02144","Somerville","MA","Boston","Middlesex",206,,,,,,,,,,,,,,,,3000,3100,3000,3000,3000,3000,3000,3000,3000,3000,3000,3325,3350,3300,3400,3350,3250,3200,3250,3200,3200,3200,3200,3200,3300,3225,3400,3500,3400,3200,3200,3200,3200,3200,3200,3300,3400,3425,3600,3700,3600,3400,3500,3500,3500,3400,3400,3700,3600,3700,3900,4000,3750,3400,3350,3400,3350,3500,3600,4000,4000,4000,4000,3900,3800,3600,3600,3600,3600,3600,3700,4200
"33579","Riverview","FL","Tampa","Hillsborough",207,,,,,,,,,,,,1295,1325,1350,1350,1372.5,1350,1350,1325,1350,1375,1390,1350,1412.5,1500,1475,1450,1475,1500,1550,1545,1500,1500,1495,1475,1475,1412.5,1450,1400,1400,1500,1485,1485,1495,1500,1485,1497.5,1495,1495,1475,1477.5,1507.5,1512.5,1550,1525,1550,1525,1500,1500,1495,1525,1550,1550,1537.5,1550,1550,1595,1550,1590,1550,1575,1500,1595,1599,1600,1647,1649,1665,1645,1655,1675,1595,1595,1600,1625,1635,1687.5
"02215","Boston","MA","Boston","Suffolk",208,,,,,,,,,,,,,,,,,,,,,,,,,,,,,,,,,,,,,,,,,,,,,,,,,,,,,,,,,,,,,,,,,,,,,,,,,,,,4800,4750,4250,4400,4400,4300,4100,4210,4800,5000,5125,5000
"33596","Valrico","FL","Tampa","Hillsborough",209,,,,,,,,,,,,,,,,,,,,,,,,,,,,,,,,,,,,,,,,,,,,,,,,,,,,,,,,,,,,,,,,,,,,,,,,,1847.5,1859,1885,1975,1999.5,2000,1995,1945,1945,1900,1900,1945,1887.5,1947.5,1900
"32832","Orlando","FL","Orlando","Orange",210,,,,,,,,,,,,,,,,,,,,,,,,,,,,,,,,,,,,,,,,,,,,,,,,,,,,,,,,,,,,,,,,,,,,,,,,,,,2100,2100,2050,2095,2000,1995,2000,2000,1995,2100,2095,2105,2050
"79934","El Paso","TX","El Paso","El Paso",211,,,,,,,,,,,,,,,,,,,,,,,,,,,,,,,,,,,,,,,,,,,,,,,,,,,,,,,,,,,,,,,,,,,,,,,,,1200,1197,1200,1250,1275,1295,1295,1312.5,1250,1250,1235,1242.5,1225,1200,1237
"02134","Boston","MA","Boston","Suffolk",212,,2600,2825,2800,2800,2700,2700,2650,2750,2600,2600,2800,3000,3000,3000,2950,2900,2800,2800,2800,2800,2800,2800,2900,3000,3025,3050,3000,3000,3000,3000,3000,3000,2995,3000,3000,3200,3200,3200,3200,3200,3200,3200,3200,3200,3000,3000,3200,3300,3400,3300,3300,3200,3200,3200,3191,3100,3000,3200,3400,3500,3500,3500,3500,3500,3400,3400,3300,3300,3200,3100,3500,3600,3600,3600,3600,3600,3500,3500,3500,3500,3200,3600,3795,3800,3800,3800
"33547","Riverview","FL","Tampa","Hillsborough",213,,,,,,,,,,,,,,,,,,,,,,,,,,,,,,,,,,,,,,,,,,,,,,,,,,,,,,,,,,,,,,,,,,,,,,,,,1997.5,2200,2200,2225,2150,2109.5,2200,2100,2150,2000,1990,2097.5,2042.5,2040,2075
"02140","Cambridge","MA","Boston","Middlesex",214,,,,,,,,,,,,,,,,,,,,,,,,,,,,,,,,,,,,,,,,,,,,,,,,,,,,,,,,,,,,,,,,,,,,,,,,,4400,4500,4600,4400,4400,4400,4250,4000,3999,3800,3999.5,3800,3800,4200,4500
"02121","Boston","MA","Boston","Suffolk",215,,,,,,,,,,,,,,,,,,,,,,,,,,,,,,,,,,,,,,,,,,,,,,,,,,,,,,,,,,,,,,,,,,,,,,,,,,,,2400,2400,2400,2425,2400,2500,2550,2575,2575,2537.5,2550,2550
"33569","Riverview","FL","Tampa","Hillsborough",216,,,,,,,,,,,,,,,,,,,,,,,,,,,,,,,,,,,,,,,,,,,,,,,,,,,,,,,,,,,,,,,,,,,,,,,,,,1597,1649,1670,1695,1675,1680,1667.5,1687.5,1670,1617.5,1630,1667.5,1695,1722.5
"33897","Davenport","FL","Lakeland","Polk",217,,,,,,,,,,,,,,,,,,,,,,,,,,,,,,,,,,,,,,,,,,,,,,,,,,,,,,,,,,,,,,,,,,,,,,,,,1600,1595,1569.5,1500,1575,1605,1650,1625,1665,1650,1600,1672.5,1700,1650,1700
"02445","Brookline","MA","Boston","Norfolk",218,,,,,,,,,,,,,,3100,3200,3200,3200,3200,3200,3200,3100,3100,3100,3100,3197,3200,3250,3300,3250,3300,3400,3250,3300,3200,3200,3200,3200,3400,3400,3500,3500,3700,3800,3700,3500,3397.5,3347.5,3397.5,3500,3600,3600,3600,3600,3600,3500,3425,3400,3400,3400,3400,3425,3750,3800,3800,3800,3750,3600,3600,3650,3475,3600,3400,3800,3800,3800,3875,4000,4000,3950,3950,3875,3800,3800,3800,3975,4000,3900
"78261","San Antonio","TX","San Antonio","Bexar",219,,,,,,,,,,,,,,,,,,,,,,,,,,,,,,,,,,,,,,,,,,,,,,,,,,,,,,,,,,,,,,,,,,,,,,,,,2196.5,2194,2087.5,2100,2100,2100,2095,2095,2000,1972.5,1850,1837.5,1837.5,1800,1947.5
"33185","Kendall West","FL","Miami-Fort Lauderdale","Miami-Dade",220,,,,,,,,,,,,,,,,,,,,,,,,,,,,,,,,,,,,,,,,,,,,,,,,,,,,,,,,,,,,,,,,,,,,2537.5,2400,2525,2500,2525,2500,2514.5,2550,2557.5,2600,2600,2590,2500,2537.5,2600,2665,2625,2612.5,2650,2600
"23508","Norfolk","VA","Virginia Beach","Norfolk City",221,,,,,,,,,,,,,,,,,,,,,,,,,,,,,,,,,,,,,,,,,,,,,,,,,,,,,,,,,,,,,,,,,,,,,,,,,,1787.5,1800,1900,1800,1790,1695,1695,1500,1500,1700,1598,1650,1790,1900
"02141","Cambridge","MA","Boston","Middlesex",222,,,,,,,,,,,,,,,,,,,,,,,,,,,,,,,,,,,,,,,,,,,,,,,,,,,,,,,,,,,,,,,,,,,,,,,,,4000,4000,4000,4000,4000,4000,4000,3700,3800,4000,4000,4000,3800,3500,3800
"02467","Brookline","MA","Boston","Norfolk",223,,,,,,,,,,,,,,,,,,,,,,,,,,,,,,,,,,,,,,,,,,,,,,,,,,,,,,,,,,,,,,,,,,,,,,,3850,3700,3650,3800,3900,3925,4500,4450,4097.5,3825,4500,4500,4250,4200,3950,3837.5,3800
"33327","Weston","FL","Miami-Fort Lauderdale","Broward",224,,,,,,,,,,,,,,,,,,,,,,,,,,,,,,,,,,,,,,,,,,,,,,,,,,,,,,,,,,,,,,,,,,,,,,,,,,,,2950,3050,3000,3000,3000,2850,3000,3150,3100,3150,3000,3000
"11963","Noyack","NY","New York","Suffolk",225,,,,,,,,,,,,,,,,,,,,,,,,,,,,,,,,,,,,,,,,,,,,,,,,,,,,,,,,,,,,,,,,,,,,,,45000,50000,45000,40000,45000,44175,40000,40000,40000,40000,36000,38000,40000,37000,36500,36500,36000,35000
"02120","Boston","MA","Boston","Suffolk",226,,,,,,,,,,,,3600,3400,3400,3400,3250,3250,3300,3300,3400,3400,3400,3400,3500,3600,3600,3600,3600,3600,3600,3600,3600,3600,3600,3775,3800,3800,3800,3800,3900,3900,3850,3900,3800,3700,3800,3900,4000,4000,4000,4000,3912.5,3950,3900,3900,3700,3600,3600,3750,4000,4100,4100,4100,4000,4000,3900,3800,3750,3600,3525,3637.5,3995,4200,4200,4200,4100,4000,4000,3900,3800,3800,3999,4000,4200,4200,4200,4100
"02458","Newton","MA","Boston","Middlesex",227,,,,,,,,,,,,,,,,,,,,,,,,,,,,,,,,,,,,,,,,,,,,,,,,,,,,,,,,,,,,,,,,,,,,,,,,,3200,3300,3450,3500,3600,3400,3400,3400,3300,3550,3300,3300,3400,3500,3500
"02113","Boston","MA","Boston","Suffolk",228,,,,,,,,,,,,,,,,,,,,,,,,,,,,,,,,,,,,,,,,,,,,,,,,,,,,,,,,,,,,,,,,,,,,,,,,,5200,5200,5075,4850,4850,5100,5200,5200,5200,4950,4950,4950,5025,5100,5080
"19127","Philadelphia","PA","Philadelphia","Philadelphia",229,,,,,,,,,,,,,,,,,,,,,,,,,,,,,,,,,,,,,,,,,,,,,,,,,,,,,,,,,,,,,,,,,,,,,,,,,,2050,2000,1995,1900,1815,1800,1825,1800,1700,1720,1800,1997.5,1997.5,2000
"11976","Water Mill","NY","New York","Suffolk",230,,,,,,,,,,,,,,,,,,,,,,,,,,,,,,,,,,,,,,,,,,,,,,,,,,,,,,,,,,,,,,,,,,,,,,,,50000,50000,50000,50000,49000,50000,50000,45000,43500,49500,50000,50000,50000,50000,50000,50000
"11959","Quogue","NY","New York","Suffolk",231,,,,,,,,,,,,,,,,,,,,,,,,,,,,,,,,,,,,,,,,,,,,,,,,,,,,,,,,,,,,,,,,,,,,,,,,,,,44000,44000,40000,38500,35000,35000,32000,31000,28000,27750,26750,28000,30000
